CULTURAL_SPACE_NAME,WEBSITE,TYPE,PRIMARY_USE,ADDRESS,LOCAL_AREA,OWNERSHIP,SQUARE_FEET,NUMBER_OF_SEATS,ACTIVE_SPACE
15th Field Artillery Regiment Museum and Archives,www.memorybc.ca/museum-of-15th-field-artillery-regiment,Museum/Gallery,Museum/Gallery,"2025 W 11th Av, Vancouver, BC, V6J 2C7",Kitsilano,Privately Owned,,,Yes
221A Artist Run Centre,www.221a.ca/?,Museum/Gallery,Museum/Gallery,"221 E Georgia St, Vancouver, BC, V6A 1Z6",Strathcona,Privately Owned,9000,,Yes
222 E Georgia Studios,http://projectspace.ca/blog/,Studio/Rehearsal ,Artist Studio,"222 E Georgia St, Vancouver, BC, V6A 1Z7",Strathcona,Privately Owned,5980,,Yes
Aberthau Mansion/West Point Grey Community Centre,,Community Space,Community Centre/Hall,"4397 W 2nd Av, Vancouver, BC, V6R 1K4",West Point Grey,City of Vancouver,2930,,Yes
Acme Studios,https://www.facebook.com/ACMEstudiobuilding,Studio/Rehearsal ,Artist Studio,"112 E Hastings St, Vancouver, BC, V6A 4J1",Downtown,Privately Owned,18000,,Yes
AHVA Gallery,http://gallery.ahva.ubc.ca/about/,Museum/Gallery,Museum/Gallery,"6398 University Blvd, Vancouver, BC, ",UBC,Other,1990,,Yes
Al Mozaico Flamenco Dance Academy,http://www.mozaicoflamenco.com/,Educational,Educational Institution,"828 E Hastings St, Vancouver, BC, V6A 1R6",Strathcona,Privately Owned,,,Yes
Alliance for Arts and Culture,http://www.allianceforarts.com,Museum/Gallery,Library/Archives,"938 Howe St, Vancouver, BC, V6Z 1N9",Downtown,Privately Owned,4095,30,Yes
Alliance Francaise de Vancouver,http://www.alliancefrancaise.ca/,Community Space,Community Centre/Hall,"6161 Cambie St, Vancouver, BC, V5Z 3B2",Oakridge,Privately Owned,,,Yes
Alternative Creations Studio,http://www.arthives.org/arthives/alternative-creations-studio,Studio/Rehearsal ,Artist Studio,"1387 Venables St, Vancouver, BC, V5L 2G1",Strathcona,Privately Owned,,,Yes
Another Space for Community Creative Arts Studio,http://anotherspace.ca/,Studio/Rehearsal ,Artist Studio,"1523 E Pender St, Vancouver, BC, V5L 1V9",Grandview-Woodland,Privately Owned,,,Yes
Anza Club (Australia-New Zealand Association),http://www.anzaclub.org,Theatre/Performance,Performance Space,"3 W 8th Av, Vancouver, BC, V5Y 1M8",Mount Pleasant,Non-Profit,2885,135,Yes
Architectural Institute of BC Gallery,www.aibc.ca,Museum/Gallery,Museum/Gallery,"440 Cambie St, Vancouver, BC, V6B 2N5",Downtown,,250,,Yes
Art Beatus,www.artbeatus.com,Museum/Gallery,Museum/Gallery,"808 Nelson St, Vancouver, BC, V6Z 2H2",Downtown,Privately Owned,3700,,Yes
Art Emporium,http://www.theartemporium.ca,Museum/Gallery,Museum/Gallery,"2928 Granville St, Vancouver, BC, V6H 3J7",Fairview,Privately Owned,,,Yes
Art Works Gallery,http://artworksbc.com/,Museum/Gallery,Museum/Gallery,"225 Smithe St, Vancouver, BC, V6B 4X7",Downtown,Privately Owned,,,Yes
Arts Club Theatre - Backstage Lounge,www.thebackstagelounge.com,Cafe/Restaurant/Bar,Bar/Lounge/Cabaret,"1585 Johnston St, Vancouver, BC, V6H 3R9",Fairview,Government,,60,Yes
Arts Club Theatre - Granville Island Stage,www.artsclub.com,Theatre/Performance,Theatre,"1585 Johnston St, Vancouver, BC, V6H 3R9",Fairview,Government,17790,430,Yes
Arts Club Theatre - Production Centre,,Studio/Rehearsal ,Workshop,"1377 Cartwright St, Vancouver, BC, V6H 3R7",Fairview,Government,11282,,Yes
Arts Club Theatre - Revue Stage,http://www.artsclub.com,Theatre/Performance,Theatre,"1601 Johnston St, Vancouver, BC, V6H 3R9",Fairview,Government,6428,198,Yes
Arts Club Theatre - Stanley Industrial Alliance Stage,http://www.artsclub.com,Theatre/Performance,Theatre,"2750 Granville St, Vancouver, BC, V6H 3J3",Fairview,Non-Profit,16500,650,Yes
Arts Factory, http://www.artsfactorysociety.ca/,Studio/Rehearsal ,Artist Studio,"281 Industrial, Vancouver, BC, V5A 2P2",Strathcona,City of Vancouver,21000,,Yes
Arts Umbrella,www.artsumbrella.com,Educational,Educational Institution,"1286 Cartwright St, Vancouver, BC, V6H 3R8",Fairview,Government,18000,,Yes
Arts Umbrella - E 7th,http://www.artsumbrella.com/contact,Educational,Educational Institution,"77 E 7th Av, Vancouver, BC, V5T 1M4",Mount Pleasant,Other,,,Yes
Artspeak Gallery,www.artspeak.ca/?,Museum/Gallery,Museum/Gallery,"233 Carrall St, Vancouver, BC, V6B 2J2",Downtown,Non-Profit,990,,Yes
Artstarts in Schools,www.artstarts.com,Museum/Gallery,Museum/Gallery,"808 Richards St, Vancouver, BC, V6B 3A7",Downtown,Privately Owned,6000,,Yes
Astorino's Hall,http://www.safeamp.org/events/astorinos.html,Theatre/Performance,Performance Space,"1739 Venables St, Vancouver, BC, V5L 2H3",Grandview-Woodland,Privately Owned,3000,,Yes
Audain Gallery,https://www.sfu.ca/galleries/audain-gallery.html,Museum/Gallery,Museum/Gallery,"149 W Hastings St, Vancouver, BC, V6B 1H4",Downtown,Other,,,Yes
Ayden Gallery,www.aydengallery.com?,Museum/Gallery,Museum/Gallery,"88 W Pender St, Vancouver, BC, V6B 6N9",Downtown,Privately Owned,4100,,Yes
Back Gallery Project,http://www.backgalleryproject.com/,Museum/Gallery,Museum/Gallery,"602 E Hastings St, Vancouver, BC, V6A 1R1",Strathcona,Privately Owned,900,,Yes
Backspace - Blake Williams,www.blakewilliams.ca,Studio/Rehearsal ,Artist Studio,"1318 Grant St, Vancouver, BC, V5L 2X5",Grandview-Woodland,Privately Owned,1700,75,Yes
BAF Studio,http://www.burrardarts.org/about.html,Museum/Gallery,Museum/Gallery,"108 E Broadway Av, Vancouver, BC, V5T 1V9",Mount Pleasant,Privately Owned,2000,,Yes
BAF Studio,http://www.burrardarts.org/about.html,Studio/Rehearsal ,Artist Studio,"108 E Broadway Av, Vancouver, BC, V5T 1V9",Mount Pleasant,Privately Owned,1200,,Yes
Basic Inquiry,http://www.lifedrawing.org/index.html,Museum/Gallery,Museum/Gallery,"1011 Main St, Vancouver, BC, V6A 4L4",Downtown,Privately Owned,,,Yes
Bau-Xi Gallery,www.bau-xi.com,Museum/Gallery,Museum/Gallery,"3045 Granville St, Vancouver, BC, V6H 3J9",Fairview,Privately Owned,,,Yes
BC Place Stadium,www.bcplacestadium.com,Community Space,Arena/Stadium,"777 Pacific Blvd, Vancouver, BC, V6B 4Y8",Downtown,Privately Owned,247000,,Yes
BC Sports Hall of Fame Museum,www.bcsportshalloffame.com,Museum/Gallery,Museum/Gallery,"777 Pacific Blvd S, Vancouver, BC, V6B 4Y8",Downtown,Government,15000,,Yes
Beaty Biodiversity Museum,http://www.beatymuseum.ubc.ca/about,Museum/Gallery,Museum/Gallery,"2212 Main Mall, Vancouver, BC, V6T 1Z4",UBC,Other,20000,,Yes
Bill Reid Gallery,www.billreidgallery.ca,Museum/Gallery,Museum/Gallery,"639 Hornby St, Vancouver, BC, V6C 2G3",Downtown,Privately Owned,9000,,Yes
Biltmore Cabaret,www.biltmorecabaret.com?,Cafe/Restaurant/Bar,Bar/Lounge/Cabaret,"2755 Prince Edward St, Vancouver, BC, V5T 0A9",Mount Pleasant,Privately Owned,,,Yes
Bloedel Conservatory,http://vancouver.ca/parks-recreation-culture/bloedel-conservatory.aspx,Museum/Gallery,Garden/Aquarium/Science Centre,"4600 Cambie St, Vancouver, BC, V5Y 2M5",Riley Park,Vancouver Park Board/COV,19600,,Yes
Blue Wave Productions,www.bluewaveproductions.com/?,Studio/Rehearsal ,Film/Recording Studio,"34 W 8th Av, Vancouver, BC, V5Y 1M7",Mount Pleasant,Privately Owned,3475,,Yes
BMO Theatre Centre,,Theatre/Performance,Theatre,"162 W 1st Av, Vancouver, BC, V5Y 1A4",Mount Pleasant,City of Vancouver,44500,250,Yes
BMO Theatre Centre - Workshop,,Studio/Rehearsal ,Workshop,"162 W 1st Av, Vancouver, BC, V5Y 1A4",Mount Pleasant,City of Vancouver,,,Yes
Britannia Community Services Centre Society,www.britanniacentre.org,Community Space,Community Centre/Hall,"1661 Napier St, Vancouver, BC, V5L 4X4",Grandview-Woodland,City of Vancouver,,,Yes
Bruhanski Acting Studio,http://bruhanski.com/,Educational,Educational Institution,"164 E 11th Av, Vancouver, BC, V5T 2C2",Mount Pleasant,Privately Owned,,,Yes
Burrard Marina Field House,http://vancouver.ca/parks-recreation-culture/burrard-marina-fieldhouse.aspx,Studio/Rehearsal ,Artist Studio,"1655 Whyte Av, Vancouver, BC, V6J 1A9",Kitsilano,Vancouver Park Board/COV,,,Yes
Burrardview Park Fieldhouse,https://cfapp.vancouver.ca/parkfinder_wa/index.cfm?fuseaction=FAC.ParkDetails&park_id=67,Studio/Rehearsal ,Artist Studio,"650 North Penticton st, Vancouver, BC, V6G 1Z4",Hastings-Sunrise,Vancouver Park Board/COV,,,Yes
Cafe Deux Soleils,www.cafedeuxsoleils.com/?,Cafe/Restaurant/Bar,Cafe/Restaurant,"2096 Commercial Dr, Vancouver, BC, V5N 4B2",Grandview-Woodland,Privately Owned,,,Yes
Cambrian Hall,http://www.welshsociety.com/Lab5/,Community Space,Community Centre/Hall,"215 E 17th Av, Vancouver, BC, V5V 1A6",Riley Park,Privately Owned,1584,129,Yes
Canadian Memorial United Church and Centre for Peace,http://canadianmemorial.org/,Community Space,Place of Worship,"1825 W 16th Av, Vancouver, BC, V6J 2M3",Kitsilano,Other,1170,100,Yes
Canadian Music Centre (BC Region),http://www.musiccentre.ca/regions/british-columbia?field_event_region_value_many_to_one=3,Museum/Gallery,Library/Archives,"837 Davie St, Vancouver, BC, V6Z 1B7",Downtown,Privately Owned,2680,,Yes
Carnegie Centre,http://vancouver.ca/parks-recreation-culture/carnegie-community-centre.aspx,Theatre/Performance,Performance Space,"401 Main St, Vancouver, BC, V6A 2T7",Downtown,City of Vancouver,40000,,Yes
Carousel Theatre for Young People,www.carouseltheatre.ca,Studio/Rehearsal ,Rehearsal Studio,"1411 Cartwright St, Vancouver, BC, V6H 3R7",Fairview,Government,1330,,Yes
Catriona Jeffries Gallery,www.catrionajeffries.com?,Museum/Gallery,Museum/Gallery,"274 E 1st Av, Vancouver, BC, V5T 1A6",Strathcona,Privately Owned,6500,,Yes
CBC Outdoor Stage,http://www.cbc.ca,Community Space,Plaza/Park/Band Shell,"700 Hamilton, Vancouver, BC, V6B 2R5",Downtown,Government,2623,,Yes
CBC Studio 700,http://www.cbc.ca/bc/communityspaces/studio700.html#igImgId_11630,Theatre/Performance,Performance Space,"700 Hamilton, Vancouver, BC, V6B 2R5",Downtown,Government,2784,140,Yes
Centre A - Centre For Contemporary Asian Art,http://centrea.org,Museum/Gallery,Museum/Gallery,"229 E Georgia St, Vancouver, BC, V6A 1Z6",Strathcona,Privately Owned,1500,,Yes
Centre for Digital Media,www.gnwc.ca,Educational,Educational Institution,"555 Great Northern Way, Vancouver, BC, V5T 1E2",Strathcona,Government,51000,,Yes
Ceperley Meadow,,Community Space,Plaza/Park/Band Shell,"Stanley Park, Vancouver, BC",Stanley Park,City of Vancouver,5558,,Yes
Chali-Rosso Gallery,www.chalirosso.com,Museum/Gallery,Museum/Gallery,"2250 Granville St, Vancouver, BC, V6H 4H7",Fairview,Privately Owned,,,Yes
Champlain Heights Community Centre,https://vancouver.ca/parks-recreation-culture/champlain-heights-community-centre.aspx,Community Space,Community Centre/Hall,"3350 Maquinna Dr, Vancouver, BC, V5S 4C6",Killarney,Vancouver Park Board/COV,,,Yes
Chan Centre for The Performing Art - Concert Hall,http://www.chancentre.com,Theatre/Performance,Theatre,"6265 Crescent Rd, Vancouver, BC, V6T 1Z1",UBC,Government,,1185,Yes
Chan Centre For The Performing Art - Telus Studio Theatre,http://www.chancentre.com,Theatre/Performance,Theatre,"6265 Crescent Rd, Vancouver, BC, V6T 1Z1",UBC,Government,,275,Yes
Chapel Arts,www.chapelarts.com?,Theatre/Performance,Performance Space,"304 Dunlevy St, Vancouver, BC, V6A 3Y4",Strathcona,Privately Owned,2882,,Yes
Charles H. Scott Gallery,www.chscott.ecuad.ca?,Museum/Gallery,Museum/Gallery,"1399 Johnston St, Vancouver, BC, V6H 2R9",Fairview,Government,,,Yes
China Cloud,https://www.facebook.com/liveatthechinacloud/,Cafe/Restaurant/Bar,Cafe/Restaurant,"524 Main St, Vancouver, BC, V6A 2T9",Strathcona,Privately Owned,,,Yes
Chinese Cultural Centre,www.cccvan.com?,Community Space,Community Centre/Hall,"50 E Pender St, Vancouver, BC, V6A 3V6",Downtown,City of Vancouver,77000,,Yes
Chinese Cultural Centre Museum and Archives,,Museum/Gallery,Museum/Gallery,"555 Columbia St, Vancouver, BC, V6A 4H5",Downtown,City of Vancouver,,,Yes
Christ Church Cathedral,http://www.cathedral.vancouver.bc.ca/,Community Space,Place of Worship,"690 Burrard St, Vancouver, BC, V6C 2L1",Downtown,Other,18000,,Yes
Christianne's Lyceum,http://www.christiannehayward.com/,Educational,Educational Institution,"3696 W 8th Av, Vancouver, BC, V6R 1Z1",Kitsilano,Privately Owned,,,Yes
Cineplex Odeon International Village Cinemas,http://www.cineplex.com/Theatre/Cineplex-Odeon-International-Village-Cinemas,Theatre/Performance,Cinema,"88 W Pender St, Vancouver, BC, V6B 6N9 ",Downtown,Privately Owned,,,Yes
Cineworks,http://www.cineworks.ca,Studio/Rehearsal ,Film/Recording Studio,"1131 Howe St, Vancouver, BC, V6Z 2L7",Downtown,City of Vancouver,3000,,Yes
Circle Craft Co-Operative Shop & Gallery,www.circlecraft.net/,Museum/Gallery,Museum/Gallery,"1666 Johnston St, Vancouver, BC, V6H 3S2",Fairview,Government,,,Yes
City of Vancouver Archives,www.vancouver.cayour-government/city-of-vancouver-archives.aspx?,Museum/Gallery,Library/Archives,"1150 Chestnut St, Vancouver, BC, V6J 3J9",Kitsilano,City of Vancouver,,,Yes
City of Vancouver Artist Studio, https://vancouver.ca/people-programs/artist-live-work-studio-program.aspx,Studio/Rehearsal ,Artist Studio,"2050 Scotia St, Vancouver, BC, V5T 4T1",Mount Pleasant,City of Vancouver,2600,,Yes
City of Vancouver Artist Studio, https://vancouver.ca/people-programs/artist-live-work-studio-program.aspx,Studio/Rehearsal ,Artist Studio with Residence,"485 W 8th Av, Vancouver, BC, V5Y 3Z5",Mount Pleasant,Privately Owned,1100,,Yes
City of Vancouver Artist Studio, https://vancouver.ca/people-programs/artist-live-work-studio-program.aspx,Studio/Rehearsal ,Artist Studio with Residence,"272 E 4th Av, Vancouver, BC, V5T 4S2",Mount Pleasant,City of Vancouver,1500,,Yes
City of Vancouver Artist Studio, https://vancouver.ca/people-programs/artist-live-work-studio-program.aspx,Studio/Rehearsal ,Artist Studio with Residence,"428 W 8th Av, Vancouver, BC, V5Y 1N9",Mount Pleasant,Privately Owned,580,,Yes
City of Vancouver Artist Studio, https://vancouver.ca/people-programs/artist-live-work-studio-program.aspx,Studio/Rehearsal ,Artist Studio with Residence,"1202 E Pender St, Vancouver, BC, V6A 1W8",Strathcona,City of Vancouver,1446,,Yes
Clayzone Ceramics Gallery,www.clayzoneceramics.com,Educational,Educational Institution,"661 E 15th Av, Vancouver, BC, ",Mount Pleasant,Privately Owned,750,,Yes
Coal Harbour Community Centre,http://vancouver.ca/parks-recreation-culture/coal-harbour-community-centre.aspx,Community Space,Community Centre/Hall,"480 Broughton St, Vancouver, BC, V6G 3H4",Downtown,Vancouver Park Board/COV,,,Yes
Coastal Peoples Fine Arts Gallery Gastown,http://www.coastalpeoples.com,Museum/Gallery,Museum/Gallery,"312 Water St, Vancouver, BC, V6B 1B6",Downtown,Privately Owned,,,Yes
Coastal Peoples Fine Arts Gallery Yaletown,http://www.coastalpeoples.com,Museum/Gallery,Museum/Gallery,"1024 Mainland St, Vancouver, BC, V6B 2T4",Downtown,Privately Owned,,,Yes
Colbourne House/ Marpole Museum,http://www.marpolehistorical.ca?,Museum/Gallery,Museum/Gallery,"8743 Sw Marine Dr, Vancouver, BC, V6P 6A5",Marpole,City of Vancouver,2000,,Yes
Collingwood Neighborhood House,http://www.cnh.bc.ca,Community Space,Community Centre/Hall,"5288 Joyce St, Vancouver, BC, V5R 6C9",Renfrew-Collingwood,City of Vancouver,1500,,Yes
Commodore Ballroom,http://www.commodoreballroom.ca?,Cafe/Restaurant/Bar,Bar/Lounge/Cabaret,"868 Granville St, Vancouver, BC, V6Z 1K3",Downtown,Privately Owned,4205,,Yes
Contemporary Art Gallery,www.contemporaryartgallery.ca?,Museum/Gallery,Museum/Gallery,"555 Nelson St, Vancouver, BC, V6B 6R5",Downtown,Privately Owned,5000,,Yes
Core Live/Work Studios,www.chf.bc.ca ,Studio/Rehearsal ,Artist Studio with Residence,"275 Alexander St, Vancouver, BC, V6A 1C2",Strathcona,City of Vancouver,4500,,Yes
Cottage Bistro,http://cottage-bistro.com/,Cafe/Restaurant/Bar,Bar/Lounge/Cabaret,"4470 Main St, Vancouver, BC, V5V 3R3",Riley Park,Privately Owned,,80,Yes
Craft Council of British Columbia Gallery,www.craftcouncilbc.ca,Museum/Gallery,Museum/Gallery,"1386 Cartwright St, Vancouver, BC, V6H 3R8",Fairview,Government,1200,,Yes
Creekside Community Centre,http://vancouver.ca/parks-recreation-culture/creekside-community-recreation-centre.aspx,Community Space,Community Centre/Hall,"1 Athletes Way, Vancouver, BC, V5Y 0B1",Mount Pleasant,Vancouver Park Board/COV,,,Yes
Creekside Park,,Community Space,Plaza/Park/Band Shell,"1455 Quebec St, Vancouver, BC, V6A 3Z7",Downtown,City of Vancouver,177518,,Yes
Croatian Cultural Centre,www.croatiancentre.com,Community Space,Community Centre/Hall,"3250 Commercial Dr, Vancouver, BC, V5N 4E4",Kensington-Cedar Cottage,Non-Profit,16543,,Yes
Crystal Ballroom,www.crystalballrom.ca,Educational,Educational Institution,"768 SW Marine Dr, Vancouver, BC, V6P 5Y7",Marpole,Privately Owned,5000,,Yes
David Lam Multi-Purpose Hall,,Community Space,Community Centre/Hall,"50 E Pender St, Vancouver, BC, V6A 3V6",Downtown,City of Vancouver,,,Yes
David Lam Park,,Community Space,Plaza/Park/Band Shell,"1300 Pacific Blvd, Vancouver, BC, V6Z 2V1",Downtown,City of Vancouver,467154,,Yes
Dear Human Studio and Workshop,http://www.dearhuman.ca/about/,Studio/Rehearsal ,Artist Studio,"141 W 7th Av, Vancouver, BC, V5Y 1L8",Mount Pleasant,Privately Owned,800,,Yes
DeSerres,http://www.deserres.ca/,Other,Retail,"1431 W Broadway St, Vancouver, BC, V6H 1H6",Hastings-Sunrise,Privately Owned,,,Yes
DeSerres,http://www.deserres.ca/,Other,Retail,"2811 Grandview Hwy, Vancouver, BC, V5M 2E1",Fairview,Privately Owned,,,Yes
Djavad Mowafaghian Cinema,http://www.sfu.ca/mecs/facilities/goldcorp-centre-for-the-arts/meeting-rooms/djavadmowafaghian.html,Theatre/Performance,Cinema,"149 W Hastings St, Vancouver, BC, V6B 1H4",Downtown,Other,,350,Yes
Doctor Vigari Gallery,www.doctorvigarigallery.com,Museum/Gallery,Museum/Gallery,"1816 Commercial Dr, Vancouver, BC, V5N 4A3",Grandview-Woodland,Privately Owned,,,Yes
Dorothy Somerset Studio Theatre,,Theatre/Performance,Theatre,"6361 University Blvd, Vancouver, BC, V6T 1Z2",UBC,Government,,120,Yes
Douglas Park Community Centre,https://vancouver.ca/parks-recreation-culture/douglas-park-community-centre.aspx,Community Space,Community Centre/Hall,"801 W 22nd Av, Vancouver, BC, V5Z 1Z8",South Cambie,Vancouver Park Board/COV,,,Yes
Douglas Reynolds Gallery,www.douglasreynoldsgallery.com,Museum/Gallery,Museum/Gallery,"2335 Granville St, Vancouver, BC, V6H 3G4",Fairview,Privately Owned,,,Yes
Douglas Udell Gallery,www.douglasudellgallery.com?,Museum/Gallery,Museum/Gallery,"1558 W 6th Av, Vancouver, BC, V6J 1R2",Fairview,Privately Owned,,,Yes
Dr. Sun Yat-Sen Classical Chinese Garden ,www.vancouverchinesegarden.com?,Museum/Gallery,Garden/Aquarium/Science Centre,"578 Carrall St, Vancouver, BC, V6B 5K2",Downtown,City of Vancouver,5500,,Yes
Dunbar Community Centre,http://dunbarcentre.org/dunbar/,Community Space,Community Centre/Hall,"4747 Dunbar St, Vancouver, BC, V6S 2H2",Dunbar-Southlands,Vancouver Park Board/COV,,,Yes
Dundarave Print Workshop & Gallery,www.dundaraveprintworkshop.com,Museum/Gallery,Museum/Gallery,"1640 Johnston St, Vancouver, BC, V6H 3S2",Fairview,Privately Owned,230,,Yes
Dynamo Arts Association,www.dynamoarts.tumblr.com?,Museum/Gallery,Museum/Gallery,"30 E 6th Ave, Vancouver, BC, V5T 1J4",Mount Pleasant,Privately Owned,6000,,Yes
Eagle Spirit Gallery,www.eaglespiritgallery.com,Museum/Gallery,Museum/Gallery,"1803 Maritime Mews, Vancouver, BC, V6H 3W7",Fairview,Privately Owned,,,Yes
East Van Studios,http://eastvanstudios.wordpress.com/,Studio/Rehearsal ,Film/Recording Studio,"870 E Cordova St, Vancouver, BC, V6A 1M4",Strathcona,Privately Owned,1500,,Yes
eatArt,http://eatart.org/,Studio/Rehearsal ,Artist Studio,"882 Cordova St, Vancouver, BC, V6A 1M4",Strathcona,Privately Owned,3000,,Yes
EDAM Performing Arts Society,www.edamdance.org?,Studio/Rehearsal ,Rehearsal Studio,"303 E 8th Av, Vancouver, BC, V5T 1S1",Mount Pleasant,Privately Owned,2240,,Yes
Electric Owl,www.electricowl.ca,Cafe/Restaurant/Bar,Bar/Lounge/Cabaret,"928 Main St, Vancouver, BC, V6A 2W1",Strathcona,Privately Owned,8000,,Yes
Elissa Cristall Galleries,http://cristallgallery.com,Museum/Gallery,Museum/Gallery,"2239 Granville St, Vancouver, BC, V6H 3G1",Fairview,Privately Owned,,,Yes
Elm Park Field House,http://vancouver.ca/parks-recreation-culture/elm-park-fieldhouse.aspx,Studio/Rehearsal ,Artist Studio,"5800 Elm St, Vancouver, BC, V6N 1A3",Kerrisdale,Vancouver Park Board/COV,530,,Yes
Emily Carr Institute of Art + Design,www.ecuad.ca,Educational,Educational Institution,"1399 Johnston St, Vancouver, BC, V6H 2R9",Fairview,Government,198692,,Yes
Emily Carr Institute of Art + Design,,Educational,Educational Institution,"1535 W 3rd Av, Vancouver, BC, V6J 1J8",Fairview,Government,8070,,Yes
Emily Carr Institute of Art + Design,,Educational,Educational Institution,"1706 W 1st Av, Vancouver, BC, V6J 0E4",Fairview,Government,11499,,Yes
Emily Carr Institute of Art + Design 1612 Gallery,,Museum/Gallery,Museum/Gallery,"1612 W 3rd Av, Vancouver, BC, V6J 1K2",Fairview,Government,2833,,Yes
Equinox Gallery,www.equinoxgallery.com,Museum/Gallery,Museum/Gallery,"525 Great Northern Way, Vancouver, BC, V5T 1E1",Strathcona,Privately Owned,14000,,Yes
Falaise Park Field House,http://vancouver.ca/parks-recreation-culture/falaise-park-fieldhouse.aspx,Studio/Rehearsal ,Artist Studio,"3434 Falaise Av, Vancouver, BC, V5M 4C1",Renfrew-Collingwood,Vancouver Park Board/COV,,,Yes
False Creek Community Centre,http://www.falsecreekcc.ca/,Community Space,Community Centre/Hall,"1318 Cartwright St, Vancouver, BC, V6H 3R8",Fairview,Vancouver Park Board/COV,,,Yes
Famee Furlane of Vancouver,http://www.fameefurlanevancouver.com/,Community Space,Community Centre/Hall,"2605 E Pender St, Vancouver, BC, V5K 2B6",Hastings-Sunrise,Privately Owned,3800,,Yes
FanClub,http://vancouverfanclub.ca/,Theatre/Performance,Performance Space,"1050 Granville St, Vancouver, BC, V6Z 1L2",Downtown,Privately Owned,6500,,Yes
Federation Gallery,http://artists.ca/federation_gallery,Museum/Gallery,Museum/Gallery,"1241 Cartwright St, Vancouver, BC, V6H 4B7",Fairview,Privately Owned,1200,,Yes
Fei & Milton Wong Experimental Theatre,http://www.gvpta.ca/vancouver-theatre-guide/venue/fei-and-milton-wong-experimental-theatre-goldcorp-centre-for-the-arts/,Theatre/Performance,Theatre,"149 W Hastings St, Vancouver, BC, V6B 1H4",Downtown,Other,,440,Yes
FIELD Contemporary,www.field-contemporary.com,Museum/Gallery,Museum/Gallery,"17 W Broadway, Vancouver, BC, V5Y 1P1",Mount Pleasant,Privately Owned,800,,Yes
Firehall Arts Centre,www.firehallartscentre.ca?,Theatre/Performance,Theatre,"280 E Cordova St, Vancouver, BC, V6A 1L3",Strathcona,City of Vancouver,12386,136,Yes
Forge and Form,www.forgeandform.com,Studio/Rehearsal ,Artist Studio,"1334 Cartwright St, Vancouver, BC, V6H 3R8",Fairview,Government,,,Yes
Fortune Sound Club,http://www.fortunesoundclub.com/,Theatre/Performance,Performance Space,"147 E Pender St, Vancouver, BC, V6A 1T5",Downtown,Privately Owned,,,Yes
Fox Cabaret,http://www.foxcabaret.com/,Cafe/Restaurant/Bar,Bar/Lounge/Cabaret,"2321 Main St, Vancouver, BC, V5T 3C9",Mount Pleasant,Privately Owned,,,Yes
Frederic Wood Theatre,http://www.theatre.ubc.ca/facilities_images.shtml,Theatre/Performance,Theatre,"6354 Crescent Rd, Vancouver, BC, V6T 1Z2",UBC,Government,,400,Yes
Gallery 295,http://gallery295.com/295/,Museum/Gallery,Museum/Gallery,"295 E 2nd Ave, Vancouver, BC, V5T 1B8",Strathcona,Privately Owned,,,Yes
Gallery Gachet,www.gachet.org?,Museum/Gallery,Museum/Gallery,"88 E Cordova St, Vancouver, BC, V6A 1K2",Downtown,Privately Owned,2600,,Yes
Gallery Jones,www.galleryjones.com?,Museum/Gallery,Museum/Gallery,"1725 W 3rd Av, Vancouver, BC, V6J 1K7",Fairview,Privately Owned,,,Yes
Gallery of BC Ceramics,http://www.bcpotters.com/Gallery/index.php,Museum/Gallery,Museum/Gallery,"1359 Cartwright St, Vancouver, BC, V6H 3R7",Fairview,Non-Profit,,,Yes
Gam Gallery,http://gamgallery.com/contact/,Museum/Gallery,Museum/Gallery,"110 E Hastings St, Vancouver, BC, V6N 1N4",Downtown,Privately Owned,2000,,Yes
GMS Observatory,http://www.spacecentre.ca/gms,Museum/Gallery,Garden/Aquarium/Science Centre,"1100 Chestnut St, Vancouver, BC, V6J 3J9",Kitsilano,City of Vancouver,2811,,Yes
Goh Ballet Academy,www.gohballet.com,Educational,Educational Institution,"2345 Main St, Vancouver, BC, V5T 3C9",Mount Pleasant,Privately Owned,12000,,Yes
Goldcorp Centre for the Arts - SFU,http://www.sfu.ca/sfuwoodwards/goldcorp-centre-for-the-arts.html,Educational,Educational Institution,"149 W Hastings St, Vancouver, BC, V6B 1H4",Downtown,Other,125000,,Yes
Gordon Neighbourhood house,http://gordonhouse.org/,Community Space,Community Centre/Hall,"1019 Broughton St, Vancouver, BC, V6G 2A7",West End,Non-Profit,,,Yes
Granville Fine Arts,www.granvillefineart.com?,Museum/Gallery,Museum/Gallery,"2447 Granville St, Vancouver, BC, V6H 3G5",Fairview,Privately Owned,,,Yes
Granville Island,,Community Space,Plaza/Park/Band Shell,"Granville Island, Vancouver, BC",Fairview,Government,,,Yes
Granville Island Gallery,www.granvilleislandgallery.com?,Museum/Gallery,Museum/Gallery,"1494 Old Bridge St, Vancouver, BC, V6H 3S6 ",Fairview,Government,,,Yes
Granville Street/ Entertainment District,,Community Space,Plaza/Park/Band Shell,"Vancouver, BC",Downtown,City of Vancouver,,,Yes
Great Northern Way Scene Shop,www.gnwshop.ca?,Studio/Rehearsal ,Workshop,"281 Industrial, Vancouver, BC, V5A 2P2",Strathcona,City of Vancouver,,,Yes
Green Thumb Theatre for Young People - Studio 1,www.greenthumb.bc.ca,Studio/Rehearsal ,Rehearsal Studio,"5560 Mckinnon St, Vancouver, BC, V5R 0B6",Renfrew-Collingwood,Privately Owned,2030,,Yes
Green Thumb Theatre For Young People - Studio 2,,Studio/Rehearsal ,Rehearsal Studio,"5560 Mckinnon St, Vancouver, BC, V5R 0B6",Renfrew-Collingwood,Privately Owned,,,Yes
Grunt Gallery,www.grunt.ca?,Museum/Gallery,Museum/Gallery,"350 E 2nd Av, Vancouver, BC, V5T 4R8",Mount Pleasant,Non-Profit,1350,,Yes
H.R. Macmillan Space Centre,http://www.spacecentre.ca/,Museum/Gallery,Garden/Aquarium/Science Centre,"1100 Chestnut St, Vancouver, BC, V6J 3J9",Kitsilano,City of Vancouver,16275,,Yes
Hadden Park Field House,http://vancouver.ca/parks-recreation-culture/hadden-park-fieldhouse.aspx,Studio/Rehearsal ,Artist Studio,"1015 Maple St, Vancouver, BC, V6J 3R4",Kitsilano,Vancouver Park Board/COV,,,Yes
Harbour Dance Center,http://www.harbourdance.com/,Studio/Rehearsal ,Rehearsal Studio,"927 Granville St, Vancouver, BC, V6Z 1L3",Downtown,Privately Owned,9781,,Yes
Harrison Galleries,www.harrisongalleries.com,Museum/Gallery,Museum/Gallery,"901 Homer St, Vancouver, BC, V6B 2W6",Downtown,Privately Owned,4500,,Yes
Hastings Community Centre,https://vancouver.ca/parks-recreation-culture/hastings-community-centre.aspx,Community Space,Community Centre/Hall,"3096 E Hastings St, Vancouver, BC, V5K 2A3",Hastings-Sunrise,Vancouver Park Board/COV,,,Yes
Hastings Mill Store Museum,www.hastings-mill-museum.ca?,Museum/Gallery,Museum/Gallery,"1575 Alma St, Vancouver, BC, V6R 3P3",West Point Grey,City of Vancouver,2000,,Yes
Hatch Art Gallery,http://www.ams.ubc.ca/nest/arts-and-attractions/art-gallery/,Museum/Gallery,Museum/Gallery,"6133 University Blvd, Vancouver, BC, V6T 1Z1",UBC,Non-Profit,12500,,Yes
Havana Gallery,www.havanarestaurant.ca,Museum/Gallery,Museum/Gallery,"1212 Commercial Dr, Vancouver, BC, V5L 3X4",Grandview-Woodland,Privately Owned,,,Yes
Havana Theatre,www.havanarestaurant.ca,Theatre/Performance,Theatre,"1212 Commercial Dr, Vancouver, BC, V5L 3X4",Grandview-Woodland,Privately Owned,,60,Yes
Haywood Bandstand,,Community Space,Plaza/Park/Band Shell,"1755 Beach Av, Vancouver, BC, ",West End,Vancouver Park Board/COV,,,Yes
Heffel Gallery Ltd,www.heffel.com,Museum/Gallery,Museum/Gallery,"2247 Granville St, Vancouver, BC, V6H 3G1",Fairview,Privately Owned,7500,,Yes
Heritage Hall,www.heritagehall.bc.ca,Community Space,Community Centre/Hall,"3102 Main St, Vancouver, BC, V5T 3G7",Mount Pleasant,City of Vancouver,3300,150,Yes
Hillcrest Centre,http://vancouver.ca/parks-recreation-culture/hillcrest-centre.aspx,Community Space,Community Centre/Hall,"4575 Clancy Loranger Way, Vancouver, BC, V5Y 2M4",Riley Park,Vancouver Park Board/COV,,,Yes
Hill's Native Art,www.hillsnativeart.com,Museum/Gallery,Museum/Gallery,"165 Water St, Vancouver, BC, V6B 1A7",Downtown,Privately Owned,,,Yes
Holy Rosary Cathedral,www.hrc.rcav.org,Community Space,Place of Worship,"646 Richards St, Vancouver, BC, V6B 3A3",Downtown,Other,16744,,Yes
Holy Trinity Ukrainian Orthodox Cathedral,http://uocvancouver.com/,Community Space,Place of Worship,"154 E 10th Av, Vancouver, BC, V5T 1Z4",Mount Pleasant,Other,,250,Yes
Hot Art Wet City,http://hotartwetcity.com/,Museum/Gallery,Museum/Gallery,"2206 Main St, Vancouver, BC, V5T 3C7",Mount Pleasant,Privately Owned,1036,50,Yes
Ian Tan Gallery,www.iantangallery.com?,Museum/Gallery,Museum/Gallery,"2202 Granville St, Vancouver, BC, V6H 4H7",Fairview,Privately Owned,,,Yes
Ice Box Gallery,http://www.iceboxgallery.com,Museum/Gallery,Museum/Gallery,"321 Railway St, Vancouver, BC, V6A 1A4",Strathcona,Privately Owned,,,Yes
Il Centro - Italian Cultural Centre,www.italianculturalcentre.ca?,Community Space,Community Centre/Hall,"3075 Slocan St, Vancouver, BC, V5M 3E4",Renfrew-Collingwood,Non-Profit,9400,,Yes
Improv Centre,www.vtsl.com,Theatre/Performance,Performance Space,"1502 Duranleau St, Vancouver, BC, V6H 3S4",Fairview,Government,2188,186,Yes
Interurban Gallery,,Museum/Gallery,Museum/Gallery,"1 E Hastings St, Vancouver, BC, V6A 1M9",Downtown,Privately Owned,,,Yes
Inuit Gallery of Vancouver,www.inuit.com,Museum/Gallery,Museum/Gallery,"206 Cambie St, Vancouver, BC, V6B 2M9",Downtown,Privately Owned,,,Yes
Jack Poole Plaza,http://www.vancouverconventioncentre.com/jack-poole-plaza/,Community Space,Plaza/Park/Band Shell,"Vancouver, BC",Downtown,Government,46284,,Yes
James Black Gallery,http://www.thejamesblack.gallery/,Museum/Gallery,Museum/Gallery,"144 E 6th Av, Vancouver, BC, V5T1J5",Mount Pleasant,Privately Owned,1500,15,Yes
James Tan Gallery,http://www.jamestan.com/home.htm,Museum/Gallery,Museum/Gallery,"437 Columbia St, Vancouver, BC, V6A 2R9",Downtown,Privately Owned,,,Yes
Jean Lyons School of Music,http://jeanlyonsmusic.com/,Educational,Educational Institution,"77 E 7th Av, Vancouver, BC, V5T 1M4",Mount Pleasant,Privately Owned,,,Yes
Jennifer Kostuik Gallery,www.kostuikgallery.com?,Museum/Gallery,Museum/Gallery,"1070 Homer St, Vancouver, BC, V6B 2W9",Downtown,Privately Owned,,,Yes
Jericho Arts Centre,www.jerichoartscentre.com?,Theatre/Performance,Theatre,"1675 Discovery St, Vancouver, BC, V6R 2K5",West Point Grey,Vancouver Park Board/COV,5000,135,Yes
Jericho Beach,,Community Space,Plaza/Park/Band Shell,"3941 Point Grey Rd., Vancouver, BC, V6R 1B5",West Point Grey,City of Vancouver,250799,,Yes
Jewish Community Centre,www.jewishmuseum.ca?,Community Space,Community Centre/Hall,"950 W 41st Av, Vancouver, BC, V5Z 2N7",Oakridge,Non-Profit,14000,,Yes
John Hendry Park (Trout Lake),,Community Space,Plaza/Park/Band Shell,"3300 Victoria Dr, Vancouver, BC, V5N 4L9",Kensington-Cedar Cottage,Vancouver Park Board/COV,160565,,Yes
John Oliver Secondary,http://go.vsb.bc.ca/schools/johnoliver/Pages/default.aspx,Educational,Educational Institution,"530 E 41st Av, Vancouver, BC, V5W 1P3",Sunset,Government,,,Yes
Joy Kogawa House,http://www.kogawahouse.com,Studio/Rehearsal ,Artist Studio,"1450 W 64th Av, Vancouver, BC, V6P 2N4",Marpole,Non-Profit,,,Yes
Kafka's Coffee and Tea,www.kafkascoffee.ca,Cafe/Restaurant/Bar,Cafe/Restaurant,"2525 Main St, Vancouver, BC, V5T 3E5",Mount Pleasant,Privately Owned,,,Yes
Karen Flamenco Dance Society,http://karenflamenco.com,Studio/Rehearsal ,Rehearsal Studio,"60 W 7th Av, Vancouver, BC, V5Y 1L6",Mount Pleasant,Privately Owned,,,Yes
Kensington Community Centre,http://vancouver.ca/parks-recreation-culture/kensington-community-centre.aspx,Community Space,Community Centre/Hall,"5175 Dumfries St, Vancouver, BC, V5P 3A2",Kensington-Cedar Cottage,Vancouver Park Board/COV,,,Yes
Kerrisdale Community Centre,http://vancouver.ca/parks-recreation-culture/kerrisdale-community-centre.aspx,Community Space,Community Centre/Hall,"5851 West Blvd, Vancouver, BC, V6M 3W9",Kerrisdale,Vancouver Park Board/COV,,,Yes
Killarney Community Centre,https://vancouver.ca/parks-recreation-culture/killarney-community-centre.aspx,Community Space,Community Centre/Hall,"6260 Killarney St, Vancouver, BC, V5S 2X7",Killarney,Vancouver Park Board/COV,,,Yes
Kitsilano Showboat,http://www.kitsilanoshowboat.com/showboat.html,Community Space,Plaza/Park/Band Shell,"2300 Cornwall Av, Vancouver, BC, V6K 1B7",Kitsilano,City of Vancouver,1000,,Yes
Kitsilano War Memorial Community Centre,http://vancouver.ca/parks-recreation-culture/kitsilano-war-memorial-community-centre.aspx,Community Space,Community Centre/Hall,"2690 Larch St, Vancouver, BC, V6K 4K9",Kitsilano,Vancouver Park Board/COV,,,Yes
La Maison de la Francophonie de Vancouver,www.lamaison.bc.ca,Community Space,Community Centre/Hall,"1555 W 7th Av, Vancouver, BC, V6J 1S1",Fairview,Privately Owned,,,Yes
Labyrinth Gallery,http://labyrinthgallery.org/,Museum/Gallery,Museum/Gallery,"112 E Hastings St, Vancouver, BC, V6A 4J1",Downtown,Privately Owned,,,Yes
Langara College - School of Creative And Applied Arts ,,Educational,Educational Institution,"100 W 49th Av, Vancouver, BC, V5Y 2Z6",Oakridge,Government,,,Yes
Lattimer Gallery,www.lattimergallery.com?,Museum/Gallery,Museum/Gallery,"1590 W 2nd Av, Vancouver, BC, V6J 1H2",Fairview,Privately Owned,,,Yes
Left of Main,http://www.plasticorchidfactory.com/left-of-main/,Studio/Rehearsal ,Rehearsal Studio,"544 Main St, Vancouver, BC, V6A 2T9",Strathcona,Privately Owned,,,Yes
Little Mountain Gallery,www.littlemountaingallery.com,Museum/Gallery,Museum/Gallery,"195 E 26th Av, Vancouver, BC, V5V 2G8",Riley Park,Privately Owned,,,Yes
Lobby Gallery,http://www.ligi.ubc.ca/LobbyGallery.htm,Museum/Gallery,Museum/Gallery,"6476 NW Marine Dr, Vancouver, BC, ",UBC,Other,200,,Yes
Lumbermen's Arch,,Community Space,Plaza/Park/Band Shell,"Stanley Park, Vancouver, BC",Stanley Park,City of Vancouver,66120,,Yes
Maclean Field House,http://vancouver.ca/parks-recreation-culture/urban-weavers-artists-and-scientist.aspx,Studio/Rehearsal ,Artist Studio,"710 Keefer St, Vancouver, BC, V6A 1Y5",Strathcona,Vancouver Park Board/COV,500,,Yes
Magic Trout Imaginarium,http://magictroutimaginarium.tumblr.com/,Community Space,Community Centre/Hall,"3360 Victoria Dr, Vancouver, BC, V5N 4M4",Grandview-Woodland,Privately Owned,176,12,Yes
Make Gallery,http://makeisawesome.com/,Museum/Gallery,Museum/Gallery,"257 E 7th Av, Vancouver, BC, V5T 0B4",Mount Pleasant,Privately Owned,1000,,Yes
MakerLabs,www.makerlabs.ca,Studio/Rehearsal ,Workshop,"780 E Cordova St, Vancouver, BC, V6A1M3",Strathcona,Privately Owned,26000,300,Yes
Malaspina Printmakers Gallery,www.malaspinaprintmakers.com?,Museum/Gallery,Museum/Gallery,"1555 Duranleau St, Vancouver, BC, V6H 3S3",Fairview,Government,2500,,Yes
Malkin Bowl,www.malkinbowl.com,Theatre/Performance,Theatre,"610 Pipeline Rd, Vancouver, BC, V6G 3E2",Stanley Park,City of Vancouver,13105,2200,Yes
Marion Scott Gallery,www.marionscottgallery.com,Museum/Gallery,Museum/Gallery,"2423 Granville St, Vancouver, BC, V6H 3G5",Fairview,Privately Owned,,,Yes
Marpole-Oakridge Community Centre,http://www.marpoleoakridge.org/,Community Space,Community Centre/Hall,"990 W 59th Av, Vancouver, BC, V6P 1X9 ",Marpole,Vancouver Park Board/COV,,,Yes
Mascall Dance,www.mascalldance.ca?,Studio/Rehearsal ,Rehearsal Studio,"1130 Jervis St, Vancouver, BC, V6E 2C7",West End,Privately Owned,2500,,Yes
McBride Field House,http://locomotoart.weebly.com/mcbride ,Studio/Rehearsal ,Artist Studio,"3350 W 4th Av, Vancouver, BC, ",Kitsilano,Vancouver Park Board/COV,,,Yes
Media Club,www.themediaclub.ca?,Cafe/Restaurant/Bar,Bar/Lounge/Cabaret,"695 Cambie St, Vancouver, BC, V6B 2P1",Downtown,City of Vancouver,,,Yes
Memorial South Park Field House,http://vancouver.ca/parks-recreation-culture/memorial-south-park-fieldhouse.aspx,Studio/Rehearsal ,Artist Studio,"5955 Ross St, Vancouver, BC, V5W 1T7",Sunset,Vancouver Park Board/COV,,,Yes
Mergatroid Building,http://www.mergatroid.ca/,Studio/Rehearsal ,Artist Studio,"975 Vernon Drive, Vancouver, BC, V6A 3P2",Strathcona,Privately Owned,33500,,Yes
Metro Theatre,www.metrotheatre.org?,Theatre/Performance,Theatre,"1370 Sw Marine Dr, Vancouver, BC, V6P 5Z9",Marpole,Privately Owned,,308,Yes
Metro Theatre Workshop and Rehearsal Hall,,Studio/Rehearsal ,Rehearsal Studio,"8960 Oak St, Vancouver, BC, V6P 4B7",Marpole,Privately Owned,,,Yes
Michelle Sirois-Silver Textile Art Studio,michellesirois-silver.com,Studio/Rehearsal ,Artist Studio,"1610 Clark Dr, Vancouver, BC, ",Grandview-Woodland,Privately Owned,200,,Yes
Moberly Arts and Culture Centre,www.mysunset.net,Community Space,Community Centre/Hall,"7646 Prince Albert St, Vancouver, BC, V5X 3Z4",Sunset,Vancouver Park Board/COV,2264,,Yes
Moberly Park Field House,http://vancouver.ca/parks-recreation-culture/moberly-park-fieldhouse.aspx,Studio/Rehearsal ,Artist Studio,"7646 Prince Albert, Vancouver, BC, V5X 3Z4",Sunset,Vancouver Park Board/COV,,,Yes
Monte Clark Gallery,www.monteclarkgallery.com,Museum/Gallery,Museum/Gallery,"525 Great Northern Way, Vancouver, BC, V5T 1E1",Strathcona,Privately Owned,4000,,Yes
Morris and Helen Belkin Art Gallery,http://www.belkin.ubc.ca/,Museum/Gallery,Museum/Gallery,"1825 Main Mall, Vancouver, BC, V6T 1Z2",UBC,Other,,,Yes
Mount Pleasant Community Centre,http://www.mountpleasantcc.ca/,Community Space,Community Centre/Hall,"1 Kingsway, Vancouver, BC, V5T 3H7",Mount Pleasant,Vancouver Park Board/COV,,,Yes
Museum of Vancouver,www.museumofvancouver.ca?,Museum/Gallery,Museum/Gallery,"1100 Chestnut St, Vancouver, BC, V6J 3J9",Kitsilano,City of Vancouver,60000,,Yes
Musqueam Cultural Education Resource Centre,http://www.musqueam.bc.ca/,Community Space,Community Centre/Hall,"4000 Musqueam Av, Vancouver, BC, V6N 4C6",Dunbar-Southlands,Other,1300,,Yes
New Leaf Editions,www.newleafeditions.com?,Studio/Rehearsal ,Workshop,"1370 Cartwright St, Vancouver, BC, V6H 3R7",Fairview,Privately Owned,,,Yes
Norman Rothstein Theatre,www.normanrothsteintheatre.com?,Theatre/Performance,Theatre,"950 W 41st Av, Vancouver, BC, V5Z 2N7",Oakridge,Privately Owned,5300,318,Yes
O'Brian Centre for Vancouver Opera,www.vancouveropera.ca,Studio/Rehearsal ,Rehearsal Studio,"1945 Mclean Dr, Vancouver, BC, V5N 3J7",Grandview-Woodland,Privately Owned,3540,,Yes
Octopus Studios,,Studio/Rehearsal ,Artist Studio,"393 Powell St, Vancouver, BC, V6A 1G5",Strathcona,Privately Owned,3000,,Yes
Oko Dance Vancouver,http://www.okodancevancouver.com/,Educational,Educational Institution,"45 W Hastings St, Vancouver, BC, V6B 1G4",Downtown,Privately Owned,3000,,Yes
Old Auditorium,http://www.music.ubc.ca/about-us/facilities/old-auditorium.html,Theatre/Performance,Theatre,"6344 Memorial Rd, Vancouver, BC, V6T 1Z2",UBC,Government,,530,Yes
Old Foundry Building,www.studiostone.ca,Studio/Rehearsal ,Artist Studio,"1760 Vernon Drive, Vancouver, BC, V6A 3T8",Grandview-Woodland,Privately Owned,,,Yes
On Main Gallery,www.onmaingallery.com?,Museum/Gallery,Museum/Gallery,"200 E 20th Av, Vancouver, BC, V5V 1M1",Riley Park,Privately Owned,,,Yes
Oppenheimer Park,,Community Space,Plaza/Park/Band Shell,"Vancouver, BC",Strathcona,Vancouver Park Board/COV,,,Yes
Opus Art Supplies,http://opusartsupplies.com,Other,Retail,"207 W Hastings St, Vancouver, BC, V6B 1H7",Downtown,Privately Owned,,,Yes
Opus Art Supplies,http://opusartsupplies.com,Other,Retail,"1360 Johnston St, Vancouver, BC, V6H 3S1",Fairview,Privately Owned,,,Yes
Or Gallery,www.orgallery.org?,Museum/Gallery,Museum/Gallery,"555 Hamilton St, Vancouver, BC, V6B 2R1",Downtown,Privately Owned,2043,,Yes
Orpheum Annex,http://vancouver.caparks-recreation-culture/rent-the-orpheum-annex.aspx,Theatre/Performance,Performance Space,"823 Seymour St, Vancouver, BC, V6B 5G1",Downtown,City of Vancouver,3500,193,Yes
Orpheum Theatre ,https://vancouver.caparks-recreation-culture/the-orpheum.aspx,Theatre/Performance,Theatre,"601 Smithe St, Vancouver, BC, V6B 5G1",Downtown,City of Vancouver,,2688,Yes
Ouisi Bistro,http://www.ouisibistro.com/#events,Cafe/Restaurant/Bar,Cafe/Restaurant,"3014 Granville St, Vancouver, BC, V6H 3J8",Fairview,Privately Owned,,,Yes
Our Town Cafe,,Cafe/Restaurant/Bar,Cafe/Restaurant,"245 E Broadway, Vancouver, BC, V5T 1W4",Mount Pleasant,Privately Owned,,,Yes
Pacific Cinematheque ,http://www.thecinematheque.caabout,Theatre/Performance,Cinema,"1131 Howe St, Vancouver, BC, V6Z 2L7",Downtown,City of Vancouver,4698,194,Yes
Pacific Theatre,www.pacifictheatre.org?,Theatre/Performance,Theatre,"1440 W 12th Av, Vancouver, BC, V6H 1M8",Fairview,Privately Owned,1673,128,Yes
PAL Studio Theatre,http://www.palstudiotheatre.com/,Theatre/Performance,Theatre,"581 Cardero St, Vancouver, BC, V6G 3L2",Downtown,Non-Profit,1600,150,Yes
Pandora Park  Fieldhouse,http://cfapp.vancouver.ca/parkfinder_wa/index.cfm?fuseaction=FAC.ParkDetails&park_id=57,Studio/Rehearsal ,Artist Studio,"2325 Franklin St, Vancouver, BC, V5L 1S1",Grandview-Woodland,Vancouver Park Board/COV,,,Yes
Pandora's Box Rehearsal Studios,http://www.pandorasboxstudios.com/,Studio/Rehearsal ,Film/Recording Studio,"1890 Pandora St, Vancouver, BC, V5L 1M5",Grandview-Woodland,Privately Owned,8300,,Yes
Paneficio Studios,,Studio/Rehearsal ,Artist Studio,"800 Keefer St, Vancouver, BC, V6A 1Y7",Strathcona,Privately Owned,,,Yes
Parker Street Studios,,Studio/Rehearsal ,Artist Studio,"1000 Parker St, Vancouver, BC, V6A 2H2",Strathcona,Privately Owned,,,Yes
Patricia Hotel - Pat's Pub,http://www.patspub.ca/,Cafe/Restaurant/Bar,Bar/Lounge/Cabaret,"403 E Hastings St, Vancouver, BC, V6A 1P6",Strathcona,Privately Owned,,,Yes
Pendulum Gallery,www.pendulumgallery.bc.ca?,Museum/Gallery,Museum/Gallery,"885 W Georgia St, Vancouver, BC, V6C 3E8",Downtown,Privately Owned,2200,,Yes
Peretz Centre for Secular Jewish Culture,http://www.peretz-centre.org/index.html,Community Space,Community Centre/Hall,"6184 Ash St, Vancouver, BC, V5Z 3G9",Oakridge,Non-Profit,8000,,Yes
Performance Works,www.performanceworks.ca,Theatre/Performance,Performance Space,"1218 Cartwright St, Vancouver, BC, V6H 3R8",Fairview,Government,,350,Yes
Performing Arts Lodge (PAL),http://www.palvancouver.org/?q=pal-theatre,Studio/Rehearsal ,Artist Housing,"581 Cardero St, Vancouver, BC, V6G 3L2",Downtown,Non-Profit,,,Yes
Peter Kiss Gallery,www.peterkiss.com,Museum/Gallery,Museum/Gallery,"1327 Railspur Alley, Vancouver, BC, V6H 4G9",Fairview,Privately Owned,,,Yes
Petley Jones Gallery,www.petleyjones.com?,Museum/Gallery,Museum/Gallery,"554 W 6th Av, Vancouver, BC, V6J 1R2",Mount Pleasant,Privately Owned,1500,,Yes
Playwrights Theatre Centre,www.playwrightstheatre.com?,Studio/Rehearsal ,Rehearsal Studio,"739 Gore Av, Vancouver, BC, V6A 2Z9",Strathcona,Privately Owned,800,,Yes
Plaza of Nations,www.plazaofnations.com?,Community Space,Plaza/Park/Band Shell,"750 Pacific Blvd, Vancouver, BC, V6B 5E7",Downtown,Privately Owned,140000,,Yes
PNE Amphitheatre,http://www.49st.com/venue/pne-amphitheatre#info,Community Space,Plaza/Park/Band Shell,"2901 E Hastings St, Vancouver, BC, V5K 5J1",Hastings-Sunrise,City of Vancouver,,4500,Yes
PNE Forum,www.pne.ca,Community Space,Arena/Stadium,"2901 E Hastings St, Vancouver, BC, V5K 5J1",Hastings-Sunrise,City of Vancouver,44579,1250,Yes
PNE Garden Auditorium,www.circuswest.com,Educational,Educational Institution,"2901 E Hastings St, Vancouver, BC, V5K 5J1",Hastings-Sunrise,City of Vancouver,9000,600,Yes
PNE Pacific Coliseum,www.pne.ca,Community Space,Arena/Stadium,"100 Renfrew St, Vancouver, BC, V5K 3N7",Hastings-Sunrise,City of Vancouver,56825,15713,Yes
Polish Community Centre,http://polishcommunitycentre.com/,Community Space,Community Centre/Hall,"4015 Fraser St, Vancouver, BC, V5V 4E6",Riley Park,Privately Owned,,,Yes
Portside Studios,,Studio/Rehearsal ,Artist Studio,"150 McLean Dr, Vancouver, BC, V5L 3L1",Grandview-Woodland,Privately Owned,5000,,Yes
Praxis Centre for Screenwriting,http://www.praxisfilm.com/en/default.aspx,Studio/Rehearsal ,Film/Recording Studio,"149 W Hastings St, Vancouver, BC, V6B 1H4",Downtown,Other,,,Yes
Princeton Pub,www.princetonpub.com?,Cafe/Restaurant/Bar,Bar/Lounge/Cabaret,"1901 Powell St, Vancouver, BC, V5L 1J2",Grandview-Woodland,Privately Owned,,,Yes
Progress Lab 1422,www.pl1422.blogspot.com?,Studio/Rehearsal ,Rehearsal Studio,"1422 William, Vancouver, BC, V5L 2P7",Grandview-Woodland,Privately Owned,1552,100,Yes
Prop House Cafe,http://prophousecafe.com/,Cafe/Restaurant/Bar,Bar/Lounge/Cabaret,"1636 Venables St, Vancouver, BC, V5L 2H2",Grandview-Woodland,Privately Owned,,40,Yes
Prophouse Cafe,www.PropHouseCafe.com,Cafe/Restaurant/Bar,Cafe/Restaurant,"1636 Venables St, Vancouver, BC, V5L 2H2",Grandview-Woodland,Privately Owned,2000,,Yes
Purple Thistle,www.purplethistle.ca?,Studio/Rehearsal ,Artist Studio,"975 Vernon Drive, Vancouver, BC, V6A 3P2",Strathcona,Privately Owned,,,Yes
Queen Elizabeth Park - Artist Residence,http://vancouver.ca/parks-recreation-culture/queen-elizabeth-park.aspx,Studio/Rehearsal ,Artist Studio,"4600 Cambie St, Vancouver, BC, V5Y 2M5",Riley Park,Vancouver Park Board/COV,,,Yes
Queen Elizabeth Theatre,http://vancouver.caparks-recreation-culture/queen-elizabeth-theatre.aspx,Theatre/Performance,Theatre,"650 Hamilton St, Vancouver, BC, V6B 5N6",Downtown,City of Vancouver,40000,2765,Yes
Queen Elizabeth Theatre Plaza,,Community Space,Plaza/Park/Band Shell,"650 Hamilton St, Vancouver, BC, V6B 5N6",Downtown,City of Vancouver,23690,,Yes
Railway Club,www.therailwayclub.com,Cafe/Restaurant/Bar,Bar/Lounge/Cabaret,"579 Dunsmuir St, Vancouver, BC, V6B 1Y4",Downtown,Privately Owned,4500,165,Yes
Rath Art Supplies,https://www.facebook.com/rathartsupplies/,Other,Retail,"2412 Main St, Vancouver, BC, V5T 3E2",Mount Pleasant,Privately Owned,,,Yes
Raw Canvas,http://www.rawcanvas.com/,Cafe/Restaurant/Bar,Cafe/Restaurant,"1046 Hamilton St, Vancouver, BC, V6B 2R9",Downtown,Privately Owned,,,Yes
Ray-Cam Co-Operative Center,http://vancouver.ca/parks-recreation-culture/ray-cam-co-operative-centre.aspx,Community Space,Community Centre/Hall,"920 E Hastings St, Vancouver, BC, V6A 3T1",Strathcona,Vancouver Park Board/COV,,,Yes
Red Gate Arts,,Studio/Rehearsal ,Artist Studio,"855 E Hastings St, Vancouver, BC, V6A 1R8",Strathcona,Privately Owned,7500,,Yes
Remington Gallery and Studio,https://www.facebook.com/Remington.Gallery.and.Studio,Museum/Gallery,Museum/Gallery,"108 E Hastings St, Vancouver, BC, V6A 4J1",Downtown,Privately Owned,,,Yes
Renegade Studios Main Street,www.renegadeproductions.net,Studio/Rehearsal ,Rehearsal Studio,"125 E 2nd Av, Vancouver, BC, V5T 1B4",Mount Pleasant,Privately Owned,25000,,Yes
Renfrew Park Community Centre,http://www.renfrewcc.com/,Community Space,Community Centre/Hall,"2929 E 22nd Av, Vancouver, BC, V5M 2Y3  ",Renfrew-Collingwood,Vancouver Park Board/COV,,,Yes
Rennie Collection at Wing Sang,,Museum/Gallery,Museum/Gallery,"51 E Pender St, Vancouver, BC, V6A 1S9",Downtown,Privately Owned,20000,,Yes
Rickshaw Theatre,www.liveatrickshaw.com,Theatre/Performance,Theatre,"254 E Hastings St, Vancouver, BC, V6A 1P1",Strathcona,Privately Owned,10000,,Yes
Rio Theatre,www.riotheatre.ca?,Theatre/Performance,Cinema,"1660 E Broadway, Vancouver, BC, V5N 1W1",Kensington-Cedar Cottage,Privately Owned,,420,Yes
Roedde House,www.roeddehouse.org,Museum/Gallery,Museum/Gallery,"1415 Barclay St, Vancouver, BC, V6G 1J6",West End,City of Vancouver,3000,35,Yes
Rogers Arena,http://rogersarena.com/,Community Space,Arena/Stadium,"800 Griffiths Way, Vancouver, BC, V6B 6G1",Downtown,Privately Owned,17000,20000,Yes
Roundhouse Community Centre,www.roundhouse.ca?,Community Space,Community Centre/Hall,"181 Roundhouse Mews, Vancouver, BC, V6Z 2W3",Downtown,City of Vancouver,20000,,Yes
Roy Barnett Recital Hall,http://www.music.ubc.ca/about-us/facilities/roy-barnett-recital-hall.html,Theatre/Performance,Performance Space,"6361 Memorial Rd, Vancouver, BC, V6T 1Z2",UBC,Other,,255,Yes
Russian Community Centre Of Vancouver,www.russiancentrevancouver.org,Community Space,Community Centre/Hall,"2114 W 4th Av, Vancouver, BC, V6K 1N6",Kitsilano,Privately Owned,,,Yes
Russian Hall,,Community Space,Community Centre/Hall,"600 Campbell Av, Vancouver, BC, V6A 3K1",Strathcona,Non-Profit,6300,,Yes
Ryerson United Church,www.ryersonunited.ca,Community Space,Place of Worship,"2195 W 45th Av, Vancouver, BC, V6M  2J2",Kerrisdale,Other,,450,Yes
Sarah McLachlan School of Music,www.sarahschoolofmusic.com?,Educational,Educational Institution,"138 E 7th Av, Vancouver, BC, V5T 1M6",Mount Pleasant,Privately Owned,16000,,Yes
Satellite Gallery,www.satellitegallery.ca,Museum/Gallery,Museum/Gallery,"560 Seymour St, Vancouver, BC, V6B 3J5",Downtown,Privately Owned,3500,,Yes
Science World At Telus World Of Science,www.scienceworld.ca?,Museum/Gallery,Garden/Aquarium/Science Centre,"1455 Quebec St, Vancouver, BC, V6A 3Z7",Downtown,Government,170000,600,Yes
Scotiabank Dance Centre - Earl Kraul & Grant Strate Studio,www.thedancecentre.ca?,Studio/Rehearsal ,Rehearsal Studio,"677 Davie St, Vancouver, BC, V6B 2G6",Downtown,Non-Profit,28166,,Yes
Scotiabank Dance Centre - Faris Family Studio,,Theatre/Performance,Theatre,"677 Davie St, Vancouver, BC, V6B 2G6",Downtown,Non-Profit,2944,154,Yes
Scotiabank Dance Centre - Judith R Marcuse Studio,,Studio/Rehearsal ,Rehearsal Studio,"677 Davie St, Vancouver, BC, V6B 2G6",Downtown,Non-Profit,800,50,Yes
Scottish Cultural Centre,www.scottishculturalcentre.com?,Community Space,Community Centre/Hall,"8886 Hudson St, Vancouver, BC, V6P 4N2",Marpole,Non-Profit,8431,,Yes
Second Beach Field House,http://vancouver.ca/parks-recreation-culture/second-beach.aspx,Studio/Rehearsal ,Artist Studio," Stanley Park Dr, Vancouver, BC, V6G 3E2",Stanley Park,Vancouver Park Board/COV,,,Yes
Secret Lantern Society,,Studio/Rehearsal ,Workshop,"328 -B Industrial Av, Vancouver, BC, ",Strathcona,Privately Owned,1500,,Yes
Semi-Public (221A),http://221a.ca/,Community Space,Plaza/Park/Band Shell,"271 Union St, Vancouver, BC, V6A 2B2",Strathcona,Privately Owned,3000,,Yes
Silk Weaving Studio,http://www.silkweavingstudio.com/,Studio/Rehearsal ,Artist Studio,"1531 Johnston St, Vancouver, BC, V6H 3R9",Fairview,Privately Owned,,,Yes
Slocan Park Field House,http://vancouver.ca/parks-recreation-culture/slocan-park-fieldhouse.aspx,Studio/Rehearsal ,Artist Studio,"2750 E 29th Av, Vancouver, BC, V5R 1V6",Renfrew-Collingwood,Vancouver Park Board/COV,2077,,Yes
Soundhouse Studios,http://www.soundhousestudios.com/,Studio/Rehearsal ,Film/Recording Studio,"33 W 8th Av, Vancouver, BC, V5Y 1M8",Mount Pleasant,Privately Owned,7000,,Yes
Spirit Wrestler Gallery,www.spiritwrestler.com,Museum/Gallery,Museum/Gallery,"47 Water St, Vancouver, BC, V6B 1A1",Downtown,Privately Owned,,,Yes
St Andrews-Wesley United Church,www.standrewswesleychurch.bc.ca?,Community Space,Place of Worship,"1012 Nelson St, Vancouver, BC, V6E 1H8",West End,Other,,1200,Yes
St James Community Square ,www.sjcommunitysquare.org,Theatre/Performance,Performance Space,"3214 W 10th Av, Vancouver, BC, V6K 2L2",Kitsilano,Privately Owned,4000,,Yes
St. James Anglican Church,www.stjames.bc.ca,Community Space,Place of Worship,"303 E Cordova St, Vancouver, BC, V6A 1L4",Strathcona,Other,,,Yes
Stanley Park Nature House,http://stanleyparkecology.ca/education/nature-house/,Museum/Gallery,Museum/Gallery,"Stanley Park, Vancouver, BC",Stanley Park,Vancouver Park Board/COV,500,,Yes
Strathcona Community Centre,https://vancouver.ca/parks-recreation-culture/strathcona-community-centre.aspx,Community Space,Community Centre/Hall,"601 Keefer St, Vancouver, BC, V6A 3V8",Strathcona,Vancouver Park Board/COV,,,Yes
Strathcona Park Field House,http://vancouver.ca/parks-recreation-culture/strathcona-park-fieldhouse.aspx,Studio/Rehearsal ,Artist Studio,"857 Malkin Av, Vancouver, BC, V6A 2K5",Strathcona,Vancouver Park Board/COV,350,,Yes
Studio 1398,www.giculturalsociety.org/studio1398/,Studio/Rehearsal ,Rehearsal Studio,"1398 Cartwright St, Vancouver, BC, V6H 3R8",Fairview,Government,1748,96,Yes
Sunset Community Centre,http://www.mysunset.net/,Community Space,Community Centre/Hall,"6810 Main St, Vancouver, BC, V5X 0A1 ",Sunset,Vancouver Park Board/COV,,,Yes
Taiwanese Canadian Cultural Society,www.tccs.ca,Community Space,Community Centre/Hall,"8853 Selkirk St, Vancouver, BC, V6P 4J6",Marpole,Privately Owned,,,Yes
Tangent Cafe,http://tangentcafe.ca/,Cafe/Restaurant/Bar,Cafe/Restaurant,"2095 Commercial Dr, Vancouver, BC, V5N 4A9",Grandview-Woodland,Privately Owned,,,Yes
Teck Gallery,https://www.sfu.ca/galleries/teck-gallery.html,Museum/Gallery,Museum/Gallery,"515 W Hastings St, Vancouver, BC, V6B 0B2",Downtown,Privately Owned,625,,Yes
The Anderson Street Space,www.bocadellupo.com/?,Studio/Rehearsal ,Rehearsal Studio,"1405 Anderson St, Vancouver, BC, V6H 3R5",Fairview,Privately Owned,400,30,Yes
The ARC,,Studio/Rehearsal ,Artist Studio,"1701 Powell St, Vancouver, BC, V5L 5C9",Grandview-Woodland,Privately Owned,,,Yes
The Art Studios,http://vrtas.ca/about/the-art-studios/,Studio/Rehearsal ,Artist Studio,"2005 E 44th Av, Vancouver, BC, V5P 1N1",Victoria-Fraserview,Privately Owned,,,Yes
The Beaumont Studios,http://www.thebeaumontstudios.com/,Studio/Rehearsal ,Artist Studio,"316 W 5th Av, Vancouver, BC, V5Y 1J5",Mount Pleasant,Privately Owned,,,Yes
The Cobalt,http://www.thecobalt.ca/,Cafe/Restaurant/Bar,Bar/Lounge/Cabaret,"917 Main St, Vancouver, BC,  V6A 2V8",Downtown,Privately Owned,,,Yes
The Edge,,Studio/Rehearsal ,Artist Studio with Residence,"289 Alexander St, Vancouver, BC, V6A 4H6",Strathcona,Privately Owned,690,,Yes
The Emerald,http://emeraldsupperclub.com/,Cafe/Restaurant/Bar,Bar/Lounge/Cabaret,"555 Gore Av, Vancouver, BC, V6A 2Z6",Strathcona,Privately Owned,,70,Yes
The Hindenburg,http://hindenburg.ca/,Cafe/Restaurant/Bar,Bar/Lounge/Cabaret,"23 W Cordova St, Vancouver, BC, V6B 1C8",Downtown,Privately Owned,10000,300,Yes
The Ironworks Studio,www.theironworks.ca,Theatre/Performance,Performance Space,"235 Alexander St, Vancouver, BC, V6A 1C2",Strathcona,Privately Owned,4700,180,Yes
The Landing Dance Centre,www.thelandingdance.com,Educational,Educational Institution,"270 SW Marine Dr, Vancouver, BC, V5X 2R5",Marpole,Privately Owned,5470,,Yes
The Permanent,http://thepermanent.ca,Community Space,Community Centre/Hall,"330 W Pender St, Vancouver, BC, V6B 1T3",Downtown,Privately Owned,7000,279,Yes
The Post at 750,http://thepostat750.ca/,Studio/Rehearsal ,Rehearsal Studio,"750 Hamilton St, Vancouver, BC, V6B 2R5",Downtown,City of Vancouver,8500,,Yes
The Rhythm Room,www.s2sproductions.com,Studio/Rehearsal ,Rehearsal Studio,"8713 Cambie St, Vancouver, BC, ",Marpole,Privately Owned,1500,,Yes
Theatre la Seizieme/Studio 16,www.seizieme.ca?,Studio/Rehearsal ,Rehearsal Studio,"1555 W 7th Av, Vancouver, BC, V6J 1S1",Fairview,Privately Owned,,120,Yes
Thunderbird Community Centre,http://vancouver.ca/parks-recreation-culture/thunderbird-community-centre.aspx,Community Space,Community Centre/Hall,"2311 Cassiar St, Vancouver, BC, V5M 3X3",Hastings-Sunrise,Vancouver Park Board/COV,,,Yes
Tom Lee Music Recital Hall,www.tomleemusic.ca,Theatre/Performance,Performance Space,"929 Granville St, Vancouver, BC, V6Z 1L3",Downtown,Privately Owned,,,Yes
Tracey Lawrence Gallery,,Museum/Gallery,Museum/Gallery,"1531 W 4th Av, Vancouver, BC, V6J 1L6",Fairview,Privately Owned,,,Yes
Trees Organic Coffee House,http://www.treescoffee.com/,Cafe/Restaurant/Bar,Cafe/Restaurant,"450 Granville St, Vancouver, BC, V6C 1V4",Downtown,Privately Owned,,,Yes
Trench Gallery,www.trenchgallery.com,Museum/Gallery,Museum/Gallery,"148 Alexander St, Vancouver, BC, V6A 1B5",Downtown,Privately Owned,1000,,Yes
Trillium North Park,https://trilliumnorthpark.com/,Museum/Gallery,Garden/Aquarium/Science Centre,"699 National Av, Vancouver, BC, ",Strathcona,Vancouver Park Board/COV,,,Yes
Trout Lake Community Centre,https://vancouver.ca/parks-recreation-culture/trout-lake-community-centre.aspx,Community Space,Community Centre/Hall,"3360 Victoria Dr, Vancouver, BC, V5N 4M4",Kensington-Cedar Cottage,Vancouver Park Board/COV,,,Yes
UBC Museum of Anthropology,http://moa.ubc.ca/,Museum/Gallery,Museum/Gallery,"6393 NW Marine Dr, Vancouver, BC, V6T 1Z2",UBC,Other,38889,,Yes
UBC School of Music,www.music.ubc.ca,Educational,Educational Institution,"6361 Memorial Rd, Vancouver, BC, V6T 1Z2",UBC,Other,,,Yes
UBC Thunderbird Arena,http://thunderbirdarena.ubc.ca/,Community Space,Arena/Stadium,"2555 Wesbrook Mall, Vancouver, BC, V6T 1Z3",UBC,Government,17000,5033,Yes
Ukrainian Hall,http://www.auucvancouver.ca/,Community Space,Community Centre/Hall,"805 E Pender St, Vancouver, BC, V6A 1V9",Strathcona,Non-Profit,3000,200,Yes
Unit/Pitt Projects ,www.helenpittgallery.org,Museum/Gallery,Museum/Gallery,"236 E Pender St, Vancouver, BC, V6A 1T7",Strathcona,Privately Owned,759,,Yes
Uno Langmann Limited Fine Arts,www.langmann.com,Museum/Gallery,Museum/Gallery,"2117 Granville St, Vancouver, BC, V6H 3E9",Fairview,Privately Owned,,,Yes
Urban Native Youth Association,http://www.unya.bc.ca/,Community Space,Community Centre/Hall,"1618 E Hastings St, Vancouver, BC, V5L 1S6",Grandview-Woodland,Non-Profit,11000,,Yes
Uzume Taiko Drum Group Society,www.uzume.com?,Studio/Rehearsal ,Rehearsal Studio,"1254 Frances St, Vancouver, BC, V6A 1Z5",Strathcona,Privately Owned,,,Yes
Van Dusen Botanical Garden,http://vandusengarden.org/,Museum/Gallery,Garden/Aquarium/Science Centre,"5251 Oak St, Vancouver, BC, V6M 4H1",Shaughnessy,City of Vancouver,2368060,,Yes
Vancity Theatre,http://www.viff.org/theatre/facility-info,Theatre/Performance,Cinema,"1181 Seymour St, Vancouver, BC, V6B 3M7",Downtown,Privately Owned,650,170,Yes
Vancouver Aboriginal Friendship Centre,http://www.vafcs.org/,Community Space,Community Centre/Hall,"1607 E Hastings St, Vancouver, BC, V5L 1S9",Grandview-Woodland,Other,,,Yes
Vancouver Academy of Music,http://vancouveracademyofmusic.com,Educational,Educational Institution,"1270 Chestnut St, Vancouver, BC, V6J 4R9",Kitsilano,City of Vancouver,40000,,Yes
Vancouver Access Artist Run Centre,www.accessgallery.ca,Museum/Gallery,Museum/Gallery,"222 E Georgia St, Vancouver, BC, V6A 1Z7",Strathcona,Privately Owned,1020,,Yes
Vancouver Adapted Music,www.vams.org/,Studio/Rehearsal ,Film/Recording Studio,"4225 Laurel St, Vancouver, BC, V5Z 2G9",South Cambie,Privately Owned,,,Yes
Vancouver Alpen Club,http://www.vancouveralpenclub.ca/,Community Space,Community Centre/Hall,"4875 Victoria Dr, Vancouver, BC, V5N 4P3",Kensington-Cedar Cottage,Privately Owned,8000,,Yes
Vancouver Aquarium,www.vanaqua.org?,Museum/Gallery,Garden/Aquarium/Science Centre,"845 Avison Way, Vancouver, BC, V6G 3E2",Stanley Park,City of Vancouver,97000,,Yes
Vancouver Art Gallery,www.vanartgallery.bc.ca,Museum/Gallery,Museum/Gallery,"750 Hornby St, Vancouver, BC, V6Z 2H7",Downtown,Government,165000,,Yes
Vancouver Art Gallery North Plaza,,Community Space,Plaza/Park/Band Shell,"Vancouver, BC",Downtown,City of Vancouver,,,Yes
Vancouver Art Gallery Offsite,http://www.vanartgallery.bc.ca/the_exhibitions/public_art.html    ,Museum/Gallery,Museum/Gallery,"1100 W Georgia St, Vancouver, BC, V6E 0A8",West End,City of Vancouver,34033,,Yes
Vancouver Art Therapy Institute (VATI),http://www.vati.bc.ca/,Educational,Educational Institution,"1575 Johnston St, Vancouver, BC, V6H 3R9",Fairview,,,,Yes
Vancouver Burlesque Centre,http://www.vancouverburlesquecentre.ca/,Studio/Rehearsal ,Rehearsal Studio,"124 W 6th Av, Vancouver, BC, V5Y 1K6",Mount Pleasant,Privately Owned,,,Yes
Vancouver Community Laboratory,http://vancommunitylab.com/,Studio/Rehearsal ,Workshop,"1907 Triumph St, Vancouver, BC, V5L 1K6",Grandview-Woodland,,5000,,Yes
Vancouver Co-Operative Radio,www.coopradio.org?,Studio/Rehearsal ,Film/Recording Studio,"360 Columbia St, Vancouver, BC, V6A 4J1",Downtown,Non-Profit,,,Yes
Vancouver East Cultural Centre - Historic Theatre,www.thecultch.com?,Theatre/Performance,Theatre,"1895 Venables St, Vancouver, BC, V5L 2H6",Grandview-Woodland,City of Vancouver,25000,195,Yes
Vancouver East Cultural Centre - Vancity Culture Lab,www.thecultch.com?,Theatre/Performance,Theatre,"1895 Venables St, Vancouver, BC, V5L 2H6",Grandview-Woodland,City of Vancouver,2500,86,Yes
Vancouver Holocaust Education Centre,www.vhec.org?,Museum/Gallery,Museum/Gallery,"950 W 41st Av, Vancouver, BC, V5Z 2N7",Oakridge,Privately Owned,,,Yes
Vancouver Japanese Language School and Japanese Hall,http://www.vjls-jh.com,Community Space,Community Centre/Hall,"475 Alexander St, Vancouver, BC, V6A 1C6",Strathcona,Non-Profit,36000,,Yes
Vancouver Maritime Museum,www.vancouvermaritimemuseum.com,Museum/Gallery,Museum/Gallery,"1905 Ogden Av, Vancouver, BC, V6J 1A3",Kitsilano,City of Vancouver,26215,,Yes
Vancouver Photo Workshop,http://www.vancouverphotoworkshops.com/,Educational,Educational Institution,"14 W 7th Av, Vancouver, BC, V5Y 1L6",Mount Pleasant,Privately Owned,,,Yes
Vancouver Playhouse Theatre,http://vancouver.caparks-recreation-culture/vancouver-playhouse.aspx,Theatre/Performance,Theatre,"600 Hamilton St, Vancouver, BC, V6B 6A1",Downtown,City of Vancouver,2600,668,Yes
Vancouver Police Museum,www.vancouverpolicemuseum.ca?,Museum/Gallery,Museum/Gallery,"240 E Cordova St, Vancouver, BC, V6A 1L3",Strathcona,City of Vancouver,15392,,Yes
Vancouver Public Library,www.vpl.ca,Museum/Gallery,Library/Archives,"350 W Georgia St, Vancouver, BC, V6B 6B1",Downtown,City of Vancouver,12000,,Yes
Vancouver Symphony Orchestra School of Music,www.vsoschoolofmusic.ca?,Educational,Educational Institution,"843 Seymour St, Vancouver, BC, V6B 3L4",Downtown,City of Vancouver,25000,,Yes
Vancouver Symphony Orchestra School of Music - Recital Hall (Pyatt Hall),www.vsoschoolofmusic.ca?,Theatre/Performance,Performance Space,"843 Seymour St, Vancouver, BC, V6B 3L4",Downtown,City of Vancouver,,120,Yes
Vancouver Tap Dance Society,www.vantapdance.com?,Educational,Educational Institution,"2775 E Hastings St, Vancouver, BC, V5K 1Z8",Hastings-Sunrise,Non-Profit,1164,,Yes
Vanier Park,,Community Space,Plaza/Park/Band Shell,"1000 Chestnut St, Vancouver, BC, V6J 3J9",Kitsilano,City of Vancouver,228194,,Yes
Venue,www.venuelive.ca?,Cafe/Restaurant/Bar,Bar/Lounge/Cabaret,"881 Granville St, Vancouver, BC, V6Z 1K7",Downtown,Privately Owned,10000,,Yes
Visual Arts Studio - SFU School for the Contemporary Arts,http://www.sfu.ca/sca/index.php/programs/visual-arts,Educational,Educational Institution,"611 Alexander St, Vancouver, BC, V6A 1E1",Strathcona,Privately Owned,,,Yes
VIVO Media Arts Centre,www.vivomediaarts.com,Studio/Rehearsal ,Film/Recording Studio,"2625 Kaslo St, Vancouver, BC, V5M 3G9",Renfrew-Collingwood,City of Vancouver,7000,150,Yes
Vogue Theatre,www.voguetheatre.com,Theatre/Performance,Theatre,"918 Granville St, Vancouver, BC, V6Z 1L2",Downtown,Privately Owned,8986,1136,Yes
Wall Centre Plaza,,Community Space,Plaza/Park/Band Shell,"1088 Burrard St, Vancouver, BC, V6Z 2R9",Downtown,Privately Owned,,,Yes
Waterfront Theatre,www.waterfronttheatre.ca?,Theatre/Performance,Theatre,"1412 Cartwright St, Vancouver, BC, V6H 3R7",Fairview,Government,,224,Yes
West 6th Artists Studios,,Studio/Rehearsal ,Artist Studio,"1571 W 6th Av, Vancouver, BC, V6J 1R1",Fairview,City of Vancouver,400,,Yes
West 6th Artists Studios,,Studio/Rehearsal ,Artist Studio,"1573 W 6th Av, Vancouver, BC, V6J 1R1",Fairview,City of Vancouver,400,,Yes
West End Community Centre,https://vancouver.ca/parks-recreation-culture/west-end-community-centre.aspx,Community Space,Community Centre/Hall,"870 Denman St, Vancouver, BC, V6G 2L8",West End,Vancouver Park Board/COV,50000,,Yes
Western Front - Artist Studio,,Studio/Rehearsal ,Artist Studio,"303 E 8th Av, Vancouver, BC, V5T 1S1",Mount Pleasant,Privately Owned,,,Yes
Western Front - Gallery,www.front.bc.ca?,Museum/Gallery,Museum/Gallery,"303 E 8th Av, Vancouver, BC, V5T 1S1",Mount Pleasant,Privately Owned,3110,,Yes
Western Front - Luxe Hall,,Theatre/Performance,Performance Space,"303 E 8th Av, Vancouver, BC, V5T 1S1",Mount Pleasant,Privately Owned,1250,126,Yes
Wil Aballe Art Projects,http://www.waapart.com/,Museum/Gallery,Museum/Gallery,"1356 Frances St, Vancouver, BC, V5L 1Y9",Grandview-Woodland,Privately Owned,,,Yes
William Clark Studios,,Studio/Rehearsal ,Artist Studio,"1310 William St, Vancouver, BC, V5L 2P5",Grandview-Woodland,Privately Owned,,,Yes
Winsor Gallery,www.winsorgallery.com,Museum/Gallery,Museum/Gallery,"258 E 1st Ave, Vancouver, BC, V5T 1A6",Strathcona,Privately Owned,6000,,Yes
Wise Club Hall,www.wisehall.ca,Theatre/Performance,Performance Space,"1882 Adanac St, Vancouver, BC, V5L 2E2",Grandview-Woodland,Non-Profit,2600,225,Yes
Woodward's Atrium,,Theatre/Performance,Performance Space,"111 W Hastings St, Vancouver, BC, V6B 1H4",Downtown,,,,Yes
Writers' Exchange,,Studio/Rehearsal ,Workshop,"881 E Hastings St, Vancouver, BC, V6A 1R8",Strathcona,Privately Owned,,,Yes
York Theatre,https://thecultch.com/locations/york-theatre/,Theatre/Performance,Theatre,"639 Commercial Dr, Vancouver, BC, V5L 2W2",Grandview-Woodland,City of Vancouver,15000,370,Yes
Yuk Yuk's Comedy Club,http://www.yukyuks.com,Theatre/Performance,Performance Space,"2837 Cambie St, Vancouver, BC, V5Z 3Y8",Fairview,Privately Owned,,150,Yes
